"id","submitdate","lastpage","startlanguage","seed","CONSENT","DECLINEINFO","STUDYOVERVIEW","INTROTEXT","CHECK1","PRACTICETEXT","PRACTICECHECK","VERSION","A07V1I","A07V1A[COM]","A07V1A[PRE]","A07V1B[COM]","A07V1B[PRE]","A07V1C[COM]","A07V1C[PRE]","A07V1D[COM]","A07V1D[PRE]","A07V1R[1]","A07V1R[2]","A07V1R[3]","A07V1R[4]","A07V1CMT","A02V1I","A02V1A[COM]","A02V1A[PRE]","A02V1B[COM]","A02V1B[PRE]","A02V1C[COM]","A02V1C[PRE]","A02V1D[COM]","A02V1D[PRE]","A02V1R[1]","A02V1R[2]","A02V1R[3]","A02V1R[4]","A02V1CMT","A05V1I","A05V1A[COM]","A05V1A[PRE]","A05V1B[COM]","A05V1B[PRE]","A05V1C[COM]","A05V1C[PRE]","A05V1D[COM]","A05V1D[PRE]","A05V1R[1]","A05V1R[2]","A05V1R[3]","A05V1R[4]","A05V1CMT","A06V1I","A06V1A[COM]","A06V1A[PRE]","A06V1B[COM]","A06V1B[PRE]","A06V1C[COM]","A06V1C[PRE]","A06V1D[COM]","A06V1D[PRE]","A06V1R[1]","A06V1R[2]","A06V1R[3]","A06V1R[4]","A06V1CMT","A03V1I","A03V1A[COM]","A03V1A[PRE]","A03V1B[COM]","A03V1B[PRE]","A03V1C[COM]","A03V1C[PRE]","A03V1D[COM]","A03V1D[PRE]","A03V1R[1]","A03V1R[2]","A03V1R[3]","A03V1R[4]","A03V1CMT","A04V1I","A04V1A[COM]","A04V1A[PRE]","A04V1B[COM]","A04V1B[PRE]","A04V1C[COM]","A04V1C[PRE]","A04V1D[COM]","A04V1D[PRE]","A04V1R[1]","A04V1R[2]","A04V1R[3]","A04V1R[4]","A04V1CMT","A01V1I","A01V1A[COM]","A01V1A[PRE]","A01V1B[COM]","A01V1B[PRE]","A01V1C[COM]","A01V1C[PRE]","A01V1D[COM]","A01V1D[PRE]","A01V1R[1]","A01V1R[2]","A01V1R[3]","A01V1R[4]","A01V1CMT","A04V2I","A04V2A[COM]","A04V2A[PRE]","A04V2B[COM]","A04V2B[PRE]","A04V2C[COM]","A04V2C[PRE]","A04V2D[COM]","A04V2D[PRE]","A04V2R[1]","A04V2R[2]","A04V2R[3]","A04V2R[4]","A04V2CMT","A03V2I","A03V2A[COM]","A03V2A[PRE]","A03V2B[COM]","A03V2B[PRE]","A03V2C[COM]","A03V2C[PRE]","A03V2D[COM]","A03V2D[PRE]","A03V2R[1]","A03V2R[2]","A03V2R[3]","A03V2R[4]","A03V2CMT","A06V2I","A06V2A[COM]","A06V2A[PRE]","A06V2B[COM]","A06V2B[PRE]","A06V2C[COM]","A06V2C[PRE]","A06V2D[COM]","A06V2D[PRE]","A06V2R[1]","A06V2R[2]","A06V2R[3]","A06V2R[4]","A06V2CMT","A07V2I","A07V2A[COM]","A07V2A[PRE]","A07V2B[COM]","A07V2B[PRE]","A07V2C[COM]","A07V2C[PRE]","A07V2D[COM]","A07V2D[PRE]","A07V2R[1]","A07V2R[2]","A07V2R[3]","A07V2R[4]","A07V2CMT","A02V2I","A02V2A[COM]","A02V2A[PRE]","A02V2B[COM]","A02V2B[PRE]","A02V2C[COM]","A02V2C[PRE]","A02V2D[COM]","A02V2D[PRE]","A02V2R[1]","A02V2R[2]","A02V2R[3]","A02V2R[4]","A02V2CMT","A01V2I","A01V2A[COM]","A01V2A[PRE]","A01V2B[COM]","A01V2B[PRE]","A01V2C[COM]","A01V2C[PRE]","A01V2D[COM]","A01V2D[PRE]","A01V2R[1]","A01V2R[2]","A01V2R[3]","A01V2R[4]","A01V2CMT","A05V2I","A05V2A[COM]","A05V2A[PRE]","A05V2B[COM]","A05V2B[PRE]","A05V2C[COM]","A05V2C[PRE]","A05V2D[COM]","A05V2D[PRE]","A05V2R[1]","A05V2R[2]","A05V2R[3]","A05V2R[4]","A05V2CMT","A07V3I","A07V3A[COM]","A07V3A[PRE]","A07V3B[COM]","A07V3B[PRE]","A07V3C[COM]","A07V3C[PRE]","A07V3D[COM]","A07V3D[PRE]","A07V3R[1]","A07V3R[2]","A07V3R[3]","A07V3R[4]","A07V3CMT","A05V3I","A05V3A[COM]","A05V3A[PRE]","A05V3B[COM]","A05V3B[PRE]","A05V3C[COM]","A05V3C[PRE]","A05V3D[COM]","A05V3D[PRE]","A05V3R[1]","A05V3R[2]","A05V3R[3]","A05V3R[4]","A05V3CMT","A01V3I","A01V3A[COM]","A01V3A[PRE]","A01V3B[COM]","A01V3B[PRE]","A01V3C[COM]","A01V3C[PRE]","A01V3D[COM]","A01V3D[PRE]","A01V3R[1]","A01V3R[2]","A01V3R[3]","A01V3R[4]","A01V3CMT","A03V3I","A03V3A[COM]","A03V3A[PRE]","A03V3B[COM]","A03V3B[PRE]","A03V3C[COM]","A03V3C[PRE]","A03V3D[COM]","A03V3D[PRE]","A03V3R[1]","A03V3R[2]","A03V3R[3]","A03V3R[4]","A03V3CMT","A02V3I","A02V3A[COM]","A02V3A[PRE]","A02V3B[COM]","A02V3B[PRE]","A02V3C[COM]","A02V3C[PRE]","A02V3D[COM]","A02V3D[PRE]","A02V3R[1]","A02V3R[2]","A02V3R[3]","A02V3R[4]","A02V3CMT","A04V3I","A04V3A[COM]","A04V3A[PRE]","A04V3B[COM]","A04V3B[PRE]","A04V3C[COM]","A04V3C[PRE]","A04V3D[COM]","A04V3D[PRE]","A04V3R[1]","A04V3R[2]","A04V3R[3]","A04V3R[4]","A04V3CMT","A06V3I","A06V3A[COM]","A06V3A[PRE]","A06V3B[COM]","A06V3B[PRE]","A06V3C[COM]","A06V3C[PRE]","A06V3D[COM]","A06V3D[PRE]","A06V3R[1]","A06V3R[2]","A06V3R[3]","A06V3R[4]","A06V3CMT","A06V4I","A06V4A[COM]","A06V4A[PRE]","A06V4B[COM]","A06V4B[PRE]","A06V4C[COM]","A06V4C[PRE]","A06V4D[COM]","A06V4D[PRE]","A06V4R[1]","A06V4R[2]","A06V4R[3]","A06V4R[4]","A06V4CMT","A02V4I","A02V4A[COM]","A02V4A[PRE]","A02V4B[COM]","A02V4B[PRE]","A02V4C[COM]","A02V4C[PRE]","A02V4D[COM]","A02V4D[PRE]","A02V4R[1]","A02V4R[2]","A02V4R[3]","A02V4R[4]","A02V4CMT","A05V4I","A05V4A[COM]","A05V4A[PRE]","A05V4B[COM]","A05V4B[PRE]","A05V4C[COM]","A05V4C[PRE]","A05V4D[COM]","A05V4D[PRE]","A05V4R[1]","A05V4R[2]","A05V4R[3]","A05V4R[4]","A05V4CMT","A07V4I","A07V4A[COM]","A07V4A[PRE]","A07V4B[COM]","A07V4B[PRE]","A07V4C[COM]","A07V4C[PRE]","A07V4D[COM]","A07V4D[PRE]","A07V4R[1]","A07V4R[2]","A07V4R[3]","A07V4R[4]","A07V4CMT","A01V4I","A01V4A[COM]","A01V4A[PRE]","A01V4B[COM]","A01V4B[PRE]","A01V4C[COM]","A01V4C[PRE]","A01V4D[COM]","A01V4D[PRE]","A01V4R[1]","A01V4R[2]","A01V4R[3]","A01V4R[4]","A01V4CMT","A03V4I","A03V4A[COM]","A03V4A[PRE]","A03V4B[COM]","A03V4B[PRE]","A03V4C[COM]","A03V4C[PRE]","A03V4D[COM]","A03V4D[PRE]","A03V4R[1]","A03V4R[2]","A03V4R[3]","A03V4R[4]","A03V4CMT","A04V4I","A04V4A[COM]","A04V4A[PRE]","A04V4B[COM]","A04V4B[PRE]","A04V4C[COM]","A04V4C[PRE]","A04V4D[COM]","A04V4D[PRE]","A04V4R[1]","A04V4R[2]","A04V4R[3]","A04V4R[4]","A04V4CMT","A04V5I","A04V5A[COM]","A04V5A[PRE]","A04V5B[COM]","A04V5B[PRE]","A04V5C[COM]","A04V5C[PRE]","A04V5D[COM]","A04V5D[PRE]","A04V5R[1]","A04V5R[2]","A04V5R[3]","A04V5R[4]","A04V5CMT","A07V5I","A07V5A[COM]","A07V5A[PRE]","A07V5B[COM]","A07V5B[PRE]","A07V5C[COM]","A07V5C[PRE]","A07V5D[COM]","A07V5D[PRE]","A07V5R[1]","A07V5R[2]","A07V5R[3]","A07V5R[4]","A07V5CMT","A05V5I","A05V5A[COM]","A05V5A[PRE]","A05V5B[COM]","A05V5B[PRE]","A05V5C[COM]","A05V5C[PRE]","A05V5D[COM]","A05V5D[PRE]","A05V5R[1]","A05V5R[2]","A05V5R[3]","A05V5R[4]","A05V5CMT","A06V5I","A06V5A[COM]","A06V5A[PRE]","A06V5B[COM]","A06V5B[PRE]","A06V5C[COM]","A06V5C[PRE]","A06V5D[COM]","A06V5D[PRE]","A06V5R[1]","A06V5R[2]","A06V5R[3]","A06V5R[4]","A06V5CMT","A02V5I","A02V5A[COM]","A02V5A[PRE]","A02V5B[COM]","A02V5B[PRE]","A02V5C[COM]","A02V5C[PRE]","A02V5D[COM]","A02V5D[PRE]","A02V5R[1]","A02V5R[2]","A02V5R[3]","A02V5R[4]","A02V5CMT","A03V5I","A03V5A[COM]","A03V5A[PRE]","A03V5B[COM]","A03V5B[PRE]","A03V5C[COM]","A03V5C[PRE]","A03V5D[COM]","A03V5D[PRE]","A03V5R[1]","A03V5R[2]","A03V5R[3]","A03V5R[4]","A03V5CMT","A01V5I","A01V5A[COM]","A01V5A[PRE]","A01V5B[COM]","A01V5B[PRE]","A01V5C[COM]","A01V5C[PRE]","A01V5D[COM]","A01V5D[PRE]","A01V5R[1]","A01V5R[2]","A01V5R[3]","A01V5R[4]","A01V5CMT","A03V6I","A03V6A[COM]","A03V6A[PRE]","A03V6B[COM]","A03V6B[PRE]","A03V6C[COM]","A03V6C[PRE]","A03V6D[COM]","A03V6D[PRE]","A03V6R[1]","A03V6R[2]","A03V6R[3]","A03V6R[4]","A03V6CMT","A02V6I","A02V6A[COM]","A02V6A[PRE]","A02V6B[COM]","A02V6B[PRE]","A02V6C[COM]","A02V6C[PRE]","A02V6D[COM]","A02V6D[PRE]","A02V6R[1]","A02V6R[2]","A02V6R[3]","A02V6R[4]","A02V6CMT","A07V6I","A07V6A[COM]","A07V6A[PRE]","A07V6B[COM]","A07V6B[PRE]","A07V6C[COM]","A07V6C[PRE]","A07V6D[COM]","A07V6D[PRE]","A07V6R[1]","A07V6R[2]","A07V6R[3]","A07V6R[4]","A07V6CMT","A01V6I","A01V6A[COM]","A01V6A[PRE]","A01V6B[COM]","A01V6B[PRE]","A01V6C[COM]","A01V6C[PRE]","A01V6D[COM]","A01V6D[PRE]","A01V6R[1]","A01V6R[2]","A01V6R[3]","A01V6R[4]","A01V6CMT","A06V6I","A06V6A[COM]","A06V6A[PRE]","A06V6B[COM]","A06V6B[PRE]","A06V6C[COM]","A06V6C[PRE]","A06V6D[COM]","A06V6D[PRE]","A06V6R[1]","A06V6R[2]","A06V6R[3]","A06V6R[4]","A06V6CMT","A05V6I","A05V6A[COM]","A05V6A[PRE]","A05V6B[COM]","A05V6B[PRE]","A05V6C[COM]","A05V6C[PRE]","A05V6D[COM]","A05V6D[PRE]","A05V6R[1]","A05V6R[2]","A05V6R[3]","A05V6R[4]","A05V6CMT","A04V6I","A04V6A[COM]","A04V6A[PRE]","A04V6B[COM]","A04V6B[PRE]","A04V6C[COM]","A04V6C[PRE]","A04V6D[COM]","A04V6D[PRE]","A04V6R[1]","A04V6R[2]","A04V6R[3]","A04V6R[4]","A04V6CMT","A03V7I","A03V7A[COM]","A03V7A[PRE]","A03V7B[COM]","A03V7B[PRE]","A03V7C[COM]","A03V7C[PRE]","A03V7D[COM]","A03V7D[PRE]","A03V7R[1]","A03V7R[2]","A03V7R[3]","A03V7R[4]","A03V7CMT","A01V7I","A01V7A[COM]","A01V7A[PRE]","A01V7B[COM]","A01V7B[PRE]","A01V7C[COM]","A01V7C[PRE]","A01V7D[COM]","A01V7D[PRE]","A01V7R[1]","A01V7R[2]","A01V7R[3]","A01V7R[4]","A01V7CMT","A04V7I","A04V7A[COM]","A04V7A[PRE]","A04V7B[COM]","A04V7B[PRE]","A04V7C[COM]","A04V7C[PRE]","A04V7D[COM]","A04V7D[PRE]","A04V7R[1]","A04V7R[2]","A04V7R[3]","A04V7R[4]","A04V7CMT","A06V7I","A06V7A[COM]","A06V7A[PRE]","A06V7B[COM]","A06V7B[PRE]","A06V7C[COM]","A06V7C[PRE]","A06V7D[COM]","A06V7D[PRE]","A06V7R[1]","A06V7R[2]","A06V7R[3]","A06V7R[4]","A06V7CMT","A07V7I","A07V7A[COM]","A07V7A[PRE]","A07V7B[COM]","A07V7B[PRE]","A07V7C[COM]","A07V7C[PRE]","A07V7D[COM]","A07V7D[PRE]","A07V7R[1]","A07V7R[2]","A07V7R[3]","A07V7R[4]","A07V7CMT","A02V7I","A02V7A[COM]","A02V7A[PRE]","A02V7B[COM]","A02V7B[PRE]","A02V7C[COM]","A02V7C[PRE]","A02V7D[COM]","A02V7D[PRE]","A02V7R[1]","A02V7R[2]","A02V7R[3]","A02V7R[4]","A02V7CMT","A05V7I","A05V7A[COM]","A05V7A[PRE]","A05V7B[COM]","A05V7B[PRE]","A05V7C[COM]","A05V7C[PRE]","A05V7D[COM]","A05V7D[PRE]","A05V7R[1]","A05V7R[2]","A05V7R[3]","A05V7R[4]","A05V7CMT","FINALCOMMENT","THANKYOU"
"1","1980-01-01 00:00:00","56","en","1236684753","Y",,"","","B","","C","4",,,,,,,,,,,,,,,,,,,,,,,,,,,,,,,,,,,,,,,,,,,,,,,,,,,,,,,,,,,,,,,,,,,,,,,,,,,,,,,,,,,,,,,,,,,,,,,,,,,,,,,,,,,,,,,,,,,,,,,,,,,,,,,,,,,,,,,,,,,,,,,,,,,,,,,,,,,,,,,,,,,,,,,,,,,,,,,,,,,,,,,,,,,,,,,,,,,,,,,,,,,,,,,,,,,,,,,,,,,,,,,,,,,,,,,,,,,,,,,,,,,,,,,,,,,,,,,,,,,,,,,,,,,,,,,,,,,,,,,,,,,,,,,,,,,,,,,"","5","3","3","2","4","6","2","1","C","B","D","A","","","7","3","6","4","5","2","7","2","A","B","D","C","","","5","2","1","1","1","1","4","3","A","D","C","B","","","4","3","4","4","6","4","4","5","C","D","B","A","","","7","5","7","7","5","5","2","2","B","A","C","D","","","7","1","3","2","4","2","6","3","A","D","C","B","","","7","7","7","2","4","4","3","4","A","B","C","D","",,,,,,,,,,,,,,,,,,,,,,,,,,,,,,,,,,,,,,,,,,,,,,,,,,,,,,,,,,,,,,,,,,,,,,,,,,,,,,,,,,,,,,,,,,,,,,,,,,,,,,,,,,,,,,,,,,,,,,,,,,,,,,,,,,,,,,,,,,,,,,,,,,,,,,,,,,,,,,,,,,,,,,,,,,,,,,,,,,,,,,,,,,,,,,,,,,,,,,,,,,,,,,,,,,,,,,,,,,,,,,,,,,,,,,,,,,,,,,,,,,,,,,,,,,,,,,,,,,,,,,,,,,,,,,,,,,,,,,,,,,,,,,,,,,,,,,,"",""
"2","1980-01-01 00:00:00","56","en","1268671751","Y",,"","","B","","C","4",,,,,,,,,,,,,,,,,,,,,,,,,,,,,,,,,,,,,,,,,,,,,,,,,,,,,,,,,,,,,,,,,,,,,,,,,,,,,,,,,,,,,,,,,,,,,,,,,,,,,,,,,,,,,,,,,,,,,,,,,,,,,,,,,,,,,,,,,,,,,,,,,,,,,,,,,,,,,,,,,,,,,,,,,,,,,,,,,,,,,,,,,,,,,,,,,,,,,,,,,,,,,,,,,,,,,,,,,,,,,,,,,,,,,,,,,,,,,,,,,,,,,,,,,,,,,,,,,,,,,,,,,,,,,,,,,,,,,,,,,,,,,,,,,,,,,,,"","3","2","2","1","7","7","1","1","C","A","B","D","","","6","1","7","5","2","1","5","2","B","D","A","C","","","5","1","2","2","1","1","4","4","D","A","B","C","","","4","1","4","2","5","2","5","3","D","C","B","A","","","7","6","7","7","6","6","2","1","B","A","C","D","","","7","2","1","1","6","4","3","2","C","A","D","B","","","7","7","6","4","3","4","5","6","A","D","B","C","",,,,,,,,,,,,,,,,,,,,,,,,,,,,,,,,,,,,,,,,,,,,,,,,,,,,,,,,,,,,,,,,,,,,,,,,,,,,,,,,,,,,,,,,,,,,,,,,,,,,,,,,,,,,,,,,,,,,,,,,,,,,,,,,,,,,,,,,,,,,,,,,,,,,,,,,,,,,,,,,,,,,,,,,,,,,,,,,,,,,,,,,,,,,,,,,,,,,,,,,,,,,,,,,,,,,,,,,,,,,,,,,,,,,,,,,,,,,,,,,,,,,,,,,,,,,,,,,,,,,,,,,,,,,,,,,,,,,,,,,,,,,,,,,,,,,,,,"",""
"8","1980-01-01 00:00:00","56","en","798262654","Y",,"","","B","","C","1","","2","2","7","2","5","2","1","2","A","B","C","D","","","7","3","3","2","1","1","6","1","A","B","D","C","","","1","4","5","4","3","3","4","4","D","A","B","C","","","5","1","2","2","2","2","6","2","D","A","C","B","","","3","3","6","5","7","3","7","1","A","B","C","D","","","4","4","6","6","7","1","4","4","B","C","A","D","","","6","1","6","6","2","2","7","7","D","A","B","C","",,,,,,,,,,,,,,,,,,,,,,,,,,,,,,,,,,,,,,,,,,,,,,,,,,,,,,,,,,,,,,,,,,,,,,,,,,,,,,,,,,,,,,,,,,,,,,,,,,,,,,,,,,,,,,,,,,,,,,,,,,,,,,,,,,,,,,,,,,,,,,,,,,,,,,,,,,,,,,,,,,,,,,,,,,,,,,,,,,,,,,,,,,,,,,,,,,,,,,,,,,,,,,,,,,,,,,,,,,,,,,,,,,,,,,,,,,,,,,,,,,,,,,,,,,,,,,,,,,,,,,,,,,,,,,,,,,,,,,,,,,,,,,,,,,,,,,,,,,,,,,,,,,,,,,,,,,,,,,,,,,,,,,,,,,,,,,,,,,,,,,,,,,,,,,,,,,,,,,,,,,,,,,,,,,,,,,,,,,,,,,,,,,,,,,,,,,,,,,,,,,,,,,,,,,,,,,,,,,,,,,,,,,,,,,,,,,,,,,,,,,,,,,,,,,,,,,,,,,,,,,,,,,,,,,,,,,,,,,,,,,,,,,,,,,,,,,,,,,,,,,,,,,,,,,,,,,,,,,,,,,,,,,,,,,,,,,,,,,,,,,,,,,,,,,,,,,,,,,,,,,,,,,,,,,,,,,,,,,,,,,,,,,,,,"",""
"9","1980-01-01 00:00:00","56","en","759273765","Y",,"","","B","","C","3",,,,,,,,,,,,,,,,,,,,,,,,,,,,,,,,,,,,,,,,,,,,,,,,,,,,,,,,,,,,,,,,,,,,,,,,,,,,,,,,,,,,,,,,,,,,,,,,,,,,,,,,,,,,,,,,,,,,,,,,,,,,,,,,,,,,,,,,,,,,,,,,,,,,,,,,,,,,,,,,,,,,,,,,,,,,,,,,,,,,,,,,,,,,,,,,,,,,,"","3","4","3","3","5","7","4","2","C","A","B","D","","","5","7","7","3","2","2","6","6","A","D","B","C","","","3","3","4","3","6","4","4","3","C","D","B","A","","","2","2","4","2","3","1","7","3","D","B","A","C","","","6","4","4","4","5","4","3","3","A","C","B","D","","","7","1","7","1","4","2","3","2","A","B","C","D","","","5","2","4","3","2","1","6","7","D","A","B","C","",,,,,,,,,,,,,,,,,,,,,,,,,,,,,,,,,,,,,,,,,,,,,,,,,,,,,,,,,,,,,,,,,,,,,,,,,,,,,,,,,,,,,,,,,,,,,,,,,,,,,,,,,,,,,,,,,,,,,,,,,,,,,,,,,,,,,,,,,,,,,,,,,,,,,,,,,,,,,,,,,,,,,,,,,,,,,,,,,,,,,,,,,,,,,,,,,,,,,,,,,,,,,,,,,,,,,,,,,,,,,,,,,,,,,,,,,,,,,,,,,,,,,,,,,,,,,,,,,,,,,,,,,,,,,,,,,,,,,,,,,,,,,,,,,,,,,,,,,,,,,,,,,,,,,,,,,,,,,,,,,,,,,,,,,,,,,,,,,,,,,,,,,,,,,,,,,,,,,,,,,,,,,,,,,,,,,,,,,,,,,,,,,,,,,,,,,"It was sometimes difficult or ambiguous to decide which parts of the sentences I would mark as inappropriate. Therefore it was sometimes hard to give a rating. Also often multiple examples were performing pretty equally good/bad, which made the ranking difficult in certain cases.",""
"11","1980-01-01 00:00:00","56","en","1881167338","Y",,"","","B","","C","2",,,,,,,,,,,,,,,,,,,,,,,,,,,,,,,,,,,,,,,,,,,,,,,,,,,,,,,,,,,,,,,,,,,,,,,,,,,,,,,,,,,,,,,,,,,,,,,,,,,"","7","1","5","5","3","2","7","1","B","A","D","C","","","6","2","7","7","7","1","4","2","B","A","D","C","","","7","7","4","1","4","1","5","1","A","D","C","B","","","5","2","5","3","2","2","6","7","D","B","A","C","","","3","1","2","2","6","1","6","1","A","C","D","B","","","6","2","3","2","7","7","4","2","C","A","D","B","","","4","2","2","1","6","4","4","1","C","A","D","B","",,,,,,,,,,,,,,,,,,,,,,,,,,,,,,,,,,,,,,,,,,,,,,,,,,,,,,,,,,,,,,,,,,,,,,,,,,,,,,,,,,,,,,,,,,,,,,,,,,,,,,,,,,,,,,,,,,,,,,,,,,,,,,,,,,,,,,,,,,,,,,,,,,,,,,,,,,,,,,,,,,,,,,,,,,,,,,,,,,,,,,,,,,,,,,,,,,,,,,,,,,,,,,,,,,,,,,,,,,,,,,,,,,,,,,,,,,,,,,,,,,,,,,,,,,,,,,,,,,,,,,,,,,,,,,,,,,,,,,,,,,,,,,,,,,,,,,,,,,,,,,,,,,,,,,,,,,,,,,,,,,,,,,,,,,,,,,,,,,,,,,,,,,,,,,,,,,,,,,,,,,,,,,,,,,,,,,,,,,,,,,,,,,,,,,,,,,,,,,,,,,,,,,,,,,,,,,,,,,,,,,,,,,,,,,,,,,,,,,,,,,,,,,,,,,,,,,,,,,,,,,,,,,,,,,,,,,,,,,,,,,,,,,,,,,,"",""
"13","1980-01-01 00:00:00","56","en","309237584","Y",,"","","B","","C","6",,,,,,,,,,,,,,,,,,,,,,,,,,,,,,,,,,,,,,,,,,,,,,,,,,,,,,,,,,,,,,,,,,,,,,,,,,,,,,,,,,,,,,,,,,,,,,,,,,,,,,,,,,,,,,,,,,,,,,,,,,,,,,,,,,,,,,,,,,,,,,,,,,,,,,,,,,,,,,,,,,,,,,,,,,,,,,,,,,,,,,,,,,,,,,,,,,,,,,,,,,,,,,,,,,,,,,,,,,,,,,,,,,,,,,,,,,,,,,,,,,,,,,,,,,,,,,,,,,,,,,,,,,,,,,,,,,,,,,,,,,,,,,,,,,,,,,,,,,,,,,,,,,,,,,,,,,,,,,,,,,,,,,,,,,,,,,,,,,,,,,,,,,,,,,,,,,,,,,,,,,,,,,,,,,,,,,,,,,,,,,,,,,,,,,,,,,,,,,,,,,,,,,,,,,,,,,,,,,,,,,,,,,,,,,,,,,,,,,,,,,,,,,,,,,,,,,,,,,,,,,,,,,,,,,,,,,,,,,,,,,,,,,,,,,,"","7","1","7","1","2","2","7","6","D","A","B","C","Unclear if ""the Champ"" is meant as a placeholder or a patronising nickname.
Though in this case it doesn't change the rating. ","","7","7","7","5","2","3","5","4","B","A","D","C","","","4","5","4","5","4","3","5","5","D","C","A","B","","","4","6","2","2","4","3","1","2","A","C","D","B","","","6","2","7","7","4","2","4","3","B","A","D","C","","","4","4","6","4","5","2","4","4","B","C","D","A","","","4","3","5","3","6","7","7","1","C","B","A","D","",,,,,,,,,,,,,,,,,,,,,,,,,,,,,,,,,,,,,,,,,,,,,,,,,,,,,,,,,,,,,,,,,,,,,,,,,,,,,,,,,,,,,,,,,,,,,,,,,,,"It was sometimes hard to judge incomplete marking of inappropriate phrases in terms of completeness. ",""
"17","1980-01-01 00:00:00","56","en","986287762","Y",,"","","B","","C","2",,,,,,,,,,,,,,,,,,,,,,,,,,,,,,,,,,,,,,,,,,,,,,,,,,,,,,,,,,,,,,,,,,,,,,,,,,,,,,,,,,,,,,,,,,,,,,,,,,,"","7","1","2","2","2","2","6","2","A","D","B","C","","","5","2","7","7","7","1","4","1","B","A","C","D","","","7","7","4","2","4","2","6","2","A","D","C","B","","","6","3","5","2","2","1","7","7","D","A","B","C","","","1","1","5","5","6","1","5","1","B","C","D","A","","","3","3","3","1","7","7","4","2","C","D","B","A","","","7","4","1","1","7","7","4","2","C","A","D","B","",,,,,,,,,,,,,,,,,,,,,,,,,,,,,,,,,,,,,,,,,,,,,,,,,,,,,,,,,,,,,,,,,,,,,,,,,,,,,,,,,,,,,,,,,,,,,,,,,,,,,,,,,,,,,,,,,,,,,,,,,,,,,,,,,,,,,,,,,,,,,,,,,,,,,,,,,,,,,,,,,,,,,,,,,,,,,,,,,,,,,,,,,,,,,,,,,,,,,,,,,,,,,,,,,,,,,,,,,,,,,,,,,,,,,,,,,,,,,,,,,,,,,,,,,,,,,,,,,,,,,,,,,,,,,,,,,,,,,,,,,,,,,,,,,,,,,,,,,,,,,,,,,,,,,,,,,,,,,,,,,,,,,,,,,,,,,,,,,,,,,,,,,,,,,,,,,,,,,,,,,,,,,,,,,,,,,,,,,,,,,,,,,,,,,,,,,,,,,,,,,,,,,,,,,,,,,,,,,,,,,,,,,,,,,,,,,,,,,,,,,,,,,,,,,,,,,,,,,,,,,,,,,,,,,,,,,,,,,,,,,,,,,,,,,,,"",""
"18","1980-01-01 00:00:00","56","en","39713766","Y",,"","","B","","C","3",,,,,,,,,,,,,,,,,,,,,,,,,,,,,,,,,,,,,,,,,,,,,,,,,,,,,,,,,,,,,,,,,,,,,,,,,,,,,,,,,,,,,,,,,,,,,,,,,,,,,,,,,,,,,,,,,,,,,,,,,,,,,,,,,,,,,,,,,,,,,,,,,,,,,,,,,,,,,,,,,,,,,,,,,,,,,,,,,,,,,,,,,,,,,,,,,,,,,"","2","2","4","3","6","5","1","1","B","C","A","D","","","3","7","7","2","1","1","6","5","A","D","C","B","","","3","2","3","3","6","2","5","3","B","D","C","A","","","1","1","6","3","1","1","7","2","B","D","A","C","","","7","3","4","3","3","2","3","3","A","B","C","D","","","7","1","7","1","6","3","6","4","D","C","B","A","","","6","3","3","3","5","3","5","7","D","A","B","C","",,,,,,,,,,,,,,,,,,,,,,,,,,,,,,,,,,,,,,,,,,,,,,,,,,,,,,,,,,,,,,,,,,,,,,,,,,,,,,,,,,,,,,,,,,,,,,,,,,,,,,,,,,,,,,,,,,,,,,,,,,,,,,,,,,,,,,,,,,,,,,,,,,,,,,,,,,,,,,,,,,,,,,,,,,,,,,,,,,,,,,,,,,,,,,,,,,,,,,,,,,,,,,,,,,,,,,,,,,,,,,,,,,,,,,,,,,,,,,,,,,,,,,,,,,,,,,,,,,,,,,,,,,,,,,,,,,,,,,,,,,,,,,,,,,,,,,,,,,,,,,,,,,,,,,,,,,,,,,,,,,,,,,,,,,,,,,,,,,,,,,,,,,,,,,,,,,,,,,,,,,,,,,,,,,,,,,,,,,,,,,,,,,,,,,,,,"",""
"23","1980-01-01 00:00:00","56","en","2077595521","Y",,"","","B","","C","4",,,,,,,,,,,,,,,,,,,,,,,,,,,,,,,,,,,,,,,,,,,,,,,,,,,,,,,,,,,,,,,,,,,,,,,,,,,,,,,,,,,,,,,,,,,,,,,,,,,,,,,,,,,,,,,,,,,,,,,,,,,,,,,,,,,,,,,,,,,,,,,,,,,,,,,,,,,,,,,,,,,,,,,,,,,,,,,,,,,,,,,,,,,,,,,,,,,,,,,,,,,,,,,,,,,,,,,,,,,,,,,,,,,,,,,,,,,,,,,,,,,,,,,,,,,,,,,,,,,,,,,,,,,,,,,,,,,,,,,,,,,,,,,,,,,,,,,"","4","3","2","1","5","6","1","1","C","A","B","D","","","5","3","4","3","4","2","5","4","D","A","B","C","","","5","2","2","2","1","1","3","4","A","D","B","C","","","3","1","5","3","6","5","5","4","C","D","B","A","","","6","4","6","7","4","4","2","1","B","A","C","D","","","6","1","4","3","3","2","3","2","A","B","C","D","","","7","7","7","4","4","2","5","3","A","B","D","C","",,,,,,,,,,,,,,,,,,,,,,,,,,,,,,,,,,,,,,,,,,,,,,,,,,,,,,,,,,,,,,,,,,,,,,,,,,,,,,,,,,,,,,,,,,,,,,,,,,,,,,,,,,,,,,,,,,,,,,,,,,,,,,,,,,,,,,,,,,,,,,,,,,,,,,,,,,,,,,,,,,,,,,,,,,,,,,,,,,,,,,,,,,,,,,,,,,,,,,,,,,,,,,,,,,,,,,,,,,,,,,,,,,,,,,,,,,,,,,,,,,,,,,,,,,,,,,,,,,,,,,,,,,,,,,,,,,,,,,,,,,,,,,,,,,,,,,,"",""
"24","1980-01-01 00:00:00","56","en","2021335648","Y",,"","","B","","C","6",,,,,,,,,,,,,,,,,,,,,,,,,,,,,,,,,,,,,,,,,,,,,,,,,,,,,,,,,,,,,,,,,,,,,,,,,,,,,,,,,,,,,,,,,,,,,,,,,,,,,,,,,,,,,,,,,,,,,,,,,,,,,,,,,,,,,,,,,,,,,,,,,,,,,,,,,,,,,,,,,,,,,,,,,,,,,,,,,,,,,,,,,,,,,,,,,,,,,,,,,,,,,,,,,,,,,,,,,,,,,,,,,,,,,,,,,,,,,,,,,,,,,,,,,,,,,,,,,,,,,,,,,,,,,,,,,,,,,,,,,,,,,,,,,,,,,,,,,,,,,,,,,,,,,,,,,,,,,,,,,,,,,,,,,,,,,,,,,,,,,,,,,,,,,,,,,,,,,,,,,,,,,,,,,,,,,,,,,,,,,,,,,,,,,,,,,,,,,,,,,,,,,,,,,,,,,,,,,,,,,,,,,,,,,,,,,,,,,,,,,,,,,,,,,,,,,,,,,,,,,,,,,,,,,,,,,,,,,,,,,,,,,,,,,,,"","5","1","5","4","1","1","4","2","B","D","A","C","","","5","6","5","2","3","2","6","4","D","A","B","C","","","1","1","6","5","2","1","5","2","B","D","C","A","","","3","5","2","1","6","6","3","3","C","A","D","B","","","5","3","5","7","4","5","2","1","B","A","C","D","","","2","1","3","2","4","2","4","4","D","C","B","A","","","4","2","2","2","6","6","3","1","C","A","D","B","",,,,,,,,,,,,,,,,,,,,,,,,,,,,,,,,,,,,,,,,,,,,,,,,,,,,,,,,,,,,,,,,,,,,,,,,,,,,,,,,,,,,,,,,,,,,,,,,,,,"Sometimes hard to asses, when one does not personally agree with the overall argument being inappropriate.",""
