post_id,source_dataset,issue,post_text,Inappropriateness,Toxic Emotions,Excessive Intensity,Emotional Deception,Missing Commitment,Missing Seriousness,Missing Openness,Missing Intelligibility,Unclear Meaning,Missing Relevance,Confusing Reasoning,Other Reasons,Detrimental Orthography,Reason Unclassified,fold0.0,split,global_row_id,p_appropriate,p_inappropriate,predicted_label
1052,1,Why isn't prostitution legal?:,"I certainly don't fear ""the competition""...Besides the fact that my husband gets it good at home, most of the prostitutes I've seen are FAR from ""very hot chick""...Most of them are drug addicted skanks who stopped trying to have any other skills when they realized they could make money off their own twat.

Personally, I believe that it should be legalized, as this removes much of the mystique and sordidness from the whole situation.  Also, in most places where it's legal, they're tested for diseases on a regular basis, which obviously solves a major problem.",1,1,1,1,1,0,1,1,0,1,0,0,0,0,TRAIN,train,730,0.001650538528338,0.99834942817688,LABEL_1
341,0,Evolution vs creation:,"If you can, then please do so. Illuminate us with your facts!
Do you have brain scans of the first humans? How about average organ sizes? Hair patterns? Facial characteristics? Heart rate records?
Speaking of these factors, how do you sabrejimmy account for the different racial characteristics of modern humans? I'm married to a Japanese woman. Why do we look so different?
Was there in fact an Asian Garden of Eden? And an African Garden of Eden? And a ...
What do you actually believe anyhow?",1,1,0,1,1,0,1,1,1,0,0,0,0,0,TRAIN,train,235,0.0015935867559164,0.99840646982193,LABEL_1
791,0,India has the potential to lead the world:,this does not even make sense no one country should lead the world we all started together and thats the way it should end and everyone has there ways this is just not logical at all,1,0,0,0,1,1,1,1,1,1,0,0,0,0,TEST,test,1921,0.0022276372183114,0.9977723956108092,LABEL_1
1381,2,"Cmv: the ""war on terror™"" the biggest scam in the history of the world:","I'm 30, and it seems like for nearly have my life we have ""at war"" with al qaeda/terrorism by way of military adventurism, nation building, and shifting an enormous amount of GDP into military contractors at the expensive of using that GDP to help our own citizens.

It looks to me that the military industrial complex used 9/11 as an excuse to be at war with a very generic concept of ""terrorism"" so in theory the ""war"" would never end since there will always be ""terrorism"" in the world (pre and post 9/11 dating back 1000's of years...).

It also seems like a political tool of the right wing to scare old white conservatives into fearing brown people so they elect the most hawkish neo-con into office to spend even more on military adventurism.
To me, it just seems like a huge scam into spending an enormous amount of money on exactly what Eisenhower warned us about.",1,1,1,1,1,0,1,1,0,1,0,0,0,0,TRAIN,train,958,0.0022661769762635,0.9977338314056396,LABEL_1
2004,2,Cmv: the term redskin is not equivalent to the n word.:,"Throughout the debate with the Washington Redskins I keep hearing the argument that a teamed named the Washington Redskins is the equivalent of having a team named the Detroit N*****s.

This to me is illogical: First off when has anyone every heard the word Redskin outside of talking about the professional football team? Has anyone used the word Redskin out of hate? I am not sure as to whether or not it is a racist term but I am going to assume it is. However, Redskin is not similar at all to using the N word just simply on how the word is used in context. 

CMV ",1,0,0,0,0,0,0,1,1,0,0,0,0,0,TRAIN,train,1395,0.0022428871598094,0.9977571368217468,LABEL_1
2042,0,India has the potential to lead the world:,"I HAVE TO SAY BUT JUST 1 WORD: CORRUPTION, CORRUPTION & CORRUPTION........",1,1,1,1,1,1,1,1,1,1,0,0,0,0,TRAIN,train,1421,0.0030091514345258,0.9969907999038696,LABEL_1
329,0,Evolution vs creation:,"Debates are based on convincing evidence. There is very little evidence supporting creation, while there are massive amounts supporting an evolutionary argument.
True. But, evidence must withstand the test of accepted truth. We can't say that creation is false, because there is no explanation provided for the origins of the ""particles"" that caused the evolution theory. Although the evolution theory is interesting, and quite possible, it does not rule out creation. Since creation cannot be ruled out in any way, and evolution can, creation is the best possible theory.",1,1,1,0,1,0,1,0,0,0,0,0,0,0,TRAIN,train,226,0.0080000720918178,0.9919998645782472,LABEL_1
1318,0,Christianity or atheism:,"Christianity, because I always root for the underdog. The membership of the atheist here is way bigger. Just look at the congregations of both.",1,1,0,1,1,1,0,1,0,1,0,0,0,0,TRAIN,train,915,0.001452860655263,0.9985471367836,LABEL_1
2062,0,Pro choice vs pro life:,"I dont want to say i officially have a position, but i want someone on the other side to answer this because i honestly just dont know:
if a 14 year old is raped (which, we have established, happens), and she then gets pregnant, but because she is 14, she will die if she has the baby, what is the pro life decision? is it then pro-life to have an abortion?
i just dont know and i want an answer from someone on the other side",1,1,1,0,0,0,0,1,1,1,0,0,0,0,TEST,test,2168,0.0029021319933235,0.9970978498458862,LABEL_1
11,0,India has the potential to lead the world:,"stupid india they actually really suck. so, BOO INDIA BOO!",1,1,0,1,1,1,1,1,1,1,0,0,0,0,TRAIN,train,8,0.0022908388637006,0.9977091550827026,LABEL_1
453,2,Possible ld topic: should limiting economic inequality be a more important social goal than maximizing economic freedom?   stance: limiting econ inequality > maximizing econ freedom:,"The poor needs help! The rich will get richier and the poor will get poorer unless we intervene. And having poor people exploited is bad for society. No heathcare, no political and legal representation, and there will be blood spilled with a revolution (as we have seen in Cuba, Russia, and China), and it will usually result in a dictatorship. This does not mean taxing people 20%, rather, it just means making it a societal goal to help the poor and invest in the people.",1,1,1,1,0,0,0,0,0,0,0,0,0,0,TRAIN,train,316,0.0025563843082636,0.997443675994873,LABEL_1
1008,0,Should physical education be mandatory in schools:,Gym class is a useless class that students waste time in. There should be a test and if people can not run a mile without stopping every couple feet they should join. There is also the fact people can join to get prepared for sports. Students should have that class time to use it towards their careers and not a class that is just there.,1,0,0,0,1,0,1,0,0,0,0,0,0,0,VALID,validation,1631,0.0018196147866547,0.9981803894042968,LABEL_1
1183,1,"Bush n hitler,  same assholess, but with different shitt... comments??:","Lets see 
Hitler committed suicide in a bunker in Germany in 1945 which makes him DEAD.
President Bush is alive and well in the year 2006
Unless one of them can time travel its impossible for them to be the same a********.  I understand about the different s**t part.
I may never get to level 4 by answering all these types of questions but its starting to get less boring see ya",1,1,0,1,1,1,1,1,0,1,0,0,0,0,TEST,test,1998,0.0014829618157818,0.9985170960426332,LABEL_1
1004,0,Pro choice vs pro life:,"My one question...
Why is it we argue for the ""right"" to kill the unborn when the government is taking away our real rights?",1,1,1,1,0,0,0,1,1,1,0,0,0,0,TRAIN,train,700,0.0018733292818069,0.9981266856193542,LABEL_1
251,1,If a person takes really bad advice from this section who is responsible?:,"If you take bad advice from an Internet chat/question and answer site, it is YOUR FAULT! Stop trying to find ways to sue people. You are not hiring someone for legal advice on Yahoo answers. See a licensed attorney in your state if you need legal advice. If you do something EXTREMELY stupid as a result of a website, you were EXTREMELY stupid to begin with.

Well, after all that, I would love to give you some case law and advice about liability, but that would be legal advice and my lawyer is not in today to write me up a disclaimer to add at the bottom of this.",1,1,1,1,1,1,0,0,0,0,0,0,0,0,TRAIN,train,174,0.0015766901196911,0.9984233379364014,LABEL_1
1029,1,Do you feel that child protective services are doing there job protecting children.?:,"i don't know where you're getting the idea they make tons of money from putting kids in foster care.  it COSTS the state tons of money.  my sister does this for a living and their departements are severly underfunded and understaffed.  the workers do what they can but sadly, until everyone gets it through to their local officals that they want money spent on protecting abused children instead of tax cuts and expanding roads the situation is not going to improve.  it's really sad.  my sister alone has about 50 cases and she's sposued to visit the foster home, the parents, supervise at least 1 visit and go to court monthly for each of them.  there's just not enough hours in a day.  each caseworker should only have about 20 cases but they don't have the funding to hire enough people.  i hope your situation works out.",1,0,0,0,0,0,0,1,0,1,0,0,0,0,TEST,test,1969,0.0060746716335415,0.993925392627716,LABEL_1
1275,0,Should physical education be mandatory in schools:,i think we should have gym because kids get FAT and tubby! its not ok for kids to get fat and tubby!!!!!,1,1,1,1,1,0,1,0,0,0,0,0,0,0,TRAIN,train,887,0.0025142363738268,0.9974857568740844,LABEL_1
2133,1,"If the government has the authority to kill people, they why do they say that they are against violence?:","The principle here is not that they are able to kill people but for what reason. The execution of a known felon who has him/herself murdered countless lives has forfeited his/her right to live under the eyes of the law. If he/she were to be set free and thus cause more deaths on the population it is justified to take his life for the general good. They are against violence, random and senseless violence that is. Sanctioned killings whereby a person has commited crimes deemed irreconcievable in the eyes of the community is not a crime nor hyprocracy but justified and necessary. As for war it depends on the reason, to the defence of life and country it is a noble cause, for an outster of a regime not friendly to a country that is selfcentered hyprocracy for a nation that cherishes life, liberty and the pursuit of happiness.",1,0,0,0,1,0,1,0,0,0,0,0,0,0,TRAIN,train,1489,0.0018622900824993,0.9981377124786376,LABEL_1
2097,0,Human growth and development should parents use spanking as an option to discipline:,The child is young and doesn't know what is wrong and what is right.,1,0,0,0,0,0,0,1,1,0,0,0,0,0,TEST,test,2176,0.0088261105120182,0.9911739230155944,LABEL_1
1974,1,"What about the bombings, rapings, illegal use of drugs by our children, or them being abducted & raped?:","Please note, there are quite a number of illegal immigrants in our prisons and jails, for rape, murder, drug smuggling and theft. Because they crossed the border illegally, it means that criminals also crossed the border. Without a system, anybody can come in, no matter how diseased or criminal.

Amazingly enough, not all law-breaking illegal immigrants are honest and hard-working people.",1,1,0,1,0,0,0,1,1,0,0,0,0,0,TRAIN,train,1378,0.001567534985952,0.998432457447052,LABEL_1
132,2,The only one playing god is the man with the gun.   stance: agree:,"I hear all too often that science is 'playing God'. We as a species have superceeded the need for natural selection. We must control our evolution to ensure our survival. Ever since 1999 we have decoded the human genome, and it is time we manipulate it. Our stability as a society has allowed the meek to prosper, not to say that this is bad, but it has proven damning to our condition. We grow ever weaker as we use advanced medication to suffice our ailments to the point that we are not aware of our declination. The only fortitude is in our ability to plan our evolution. If god did not intend us to do so, he is nearsighted. If god wishes us to stop, he is inhumane.
-
To play god is to assume the state of mind of supreme judgement. Judgement that self-validates the terms of life, and the value thereof. To play god is to take life. The only one playing God is the man with the gun.",1,1,0,1,1,0,1,1,0,1,0,1,0,1,TRAIN,train,95,0.0024403086863458,0.997559666633606,LABEL_1
1113,0,Is porn wrong:,"well, the people who watch porn,
i guess thats ok, its NORMAL.
but the people who are
IN the porn, that is not normal..
i read it in a abnormal psychology book,
that means they have a disorder",1,1,1,1,1,0,1,1,0,1,1,0,0,0,TRAIN,train,773,0.00260586803779,0.99739408493042,LABEL_1
1235,2,Genocide in darfur; should we send help?   stance: yes:,"I think we should. Think about it. There are innocent people in Darfur who are being slayn without mercy, and we are letting it happen. Consider this: if there was group of terrorists in our homeland, then wouldn't you want help? It's the same scenario for the people in Darfur, they want help, but they aren't getting it.
Also, if we lend a helping hand, then it will put in a good word for the US.",1,0,0,0,0,0,0,1,1,0,0,0,0,0,TRAIN,train,861,0.0032724305056035,0.9967275857925416,LABEL_1
1428,0,Evolution vs creation:,"now tell me this evolution beleivers... how is it that evolution is true, and man kind is currently not evolving? and how is it (for those of you whom HAVE religion), that adam and eve were the first of the human race to walk on this very planet, the 'parents' of mankind? in arabic makind is 'bani adam' which literally means the tribe of adam...",1,0,0,0,1,0,1,1,1,1,0,0,0,0,TRAIN,train,995,0.0032059878576546,0.996794044971466,LABEL_1
2140,1,Obesity vs hunger?:,"i think it sounds like we are becoming an comunistic country trying to pass a law like that who does this country think it is to say what a person can or cant spend on food its helping our economy

there is more to obesity then buying to much food... some obese people dont eat much but what they are eating is junk and empty calories... some try to buy healthy and get things like slim fast full of preservitives and poisons....
some just dont exercise.. maybe we should pass a law for mandatory exercise!.... or health and nutrition classes... maybe we should stop selling a bunch of junk maybe we should make organic  and natural foods more affordable",1,1,1,0,1,0,1,1,1,1,0,0,0,0,TRAIN,train,1492,0.0021982935722917,0.9978017210960388,LABEL_1
69,0,Pro choice vs pro life:,"There are tons of ways to not get pregnant. There are condoms (99% effective) for men and women, there are morning-after pills (75% effective), the patch, pill, and other forms of ways not to get pregnant. It's the woman's fault that she didn't do it.
And maybe instead of Pro-choice vs. Pro-life, they (i don't know who ""they"" is) should have pro-life, but with exceptions (i.e. women that get raped) so that it's fair all-around.",1,1,0,1,0,0,0,0,0,0,0,0,0,0,TRAIN,train,49,0.0015191255370154,0.9984808564186096,LABEL_1
333,0,Should physical education be mandatory in schools:,"Yes! and yes and yes and definately a god damn bloody yes.
Lack of physical education is the reason why your aunt or uncle is in hospital.
Lack of physical education is the reason why millions of people are fat.
Lack of physical education is the reason why you cannot sleep properly at times.
Lack of physical education is the reason why you are not having super great sex with your girlfriend(s)",1,1,1,1,1,1,1,1,0,1,1,0,0,0,TEST,test,1822,0.0018171890405938,0.9981828331947328,LABEL_1
1088,2,Should we pay for education or not ?   stance: we should pay for it:,"We should not have to pay for education as it is vital for society to function. If people are unable to afford the price of education there are consequences that will occur; such as many children's futures will disintegrate. Education is what gives people the power to achieve goals and successfullness; What right has anyone got to refuse to educate someone simply because they are unable to provide the funds required?
MJ",1,0,0,0,0,0,0,1,1,0,0,0,0,0,TRAIN,train,758,0.003618553513661,0.996381402015686,LABEL_1
1154,0,Gay marriage right or wrong:,"Same sex marrage can couse a lot of contriverse, it puts peoples life at risk in extrem cases gay marrage has caused so much trouble pepole has resulted in murder and sucied",1,1,1,1,1,0,1,1,0,1,1,1,1,0,TEST,test,1994,0.0093224449083209,0.9906775951385498,LABEL_1
778,3,"Business review: 4.0 stars
business name: playa cabana   hacienda. city: toronto. categories: restaurants, mexican:","My wife and I love this place. We take people here all the time. They just changed the nachos from a wonderfully tasty chip to ones that are meh. For a Mexican place you would think they would stay with what works. Hopefully the other locations do not use these sub par chips. We will not be ordering out guac / salsa / and chips anymore. Why bother,",1,0,0,0,0,0,0,1,1,0,0,0,0,0,TRAIN,train,539,0.0024778905790299,0.9975220561027528,LABEL_1
1744,0,Is porn wrong:,"Adrian Peterson? Are you my husband, seriously? If not then I'm sorry. Your name, along with your speech, have me convinced you are. Good one BTW.",1,0,0,0,0,0,0,1,0,1,0,0,0,0,TRAIN,train,1217,0.0021306502167135,0.9978693723678588,LABEL_1
1943,0,Human growth and development should parents use spanking as an option to discipline:,I disagree on the parents use spaking as an option to dicipline because the childrens are not going to be scare of what their parents are going to them and also because if you do that to your childrens are learning what their parents show them and also because that is not going to help that much the childrens,1,0,0,0,0,0,0,0,0,0,0,1,1,0,TRAIN,train,1355,0.0019913353025913,0.998008668422699,LABEL_1
1030,1,"Is anything that is legal,can be considered moral?:","I'm not sure I exactly understand the supposition you're making.  In general, however, I would argue that moral and legal can be viewed as a Venn diagram - an act can be both, one of the other, or neither.  We probably wouldn't want it any other way, actually - hence the saying that ""you can't legislate morality.""",1,0,0,0,0,0,0,1,1,0,0,0,0,0,TRAIN,train,712,0.0021716447081416,0.9978283047676086,LABEL_1
263,1,Should it be legal to burn the flag?:,"I don't like the idea of burning the flag, but the freedom it's supposed to represent, should allow someone to do so if they  want to. After all, what is being destroyed is only a piece of cloth. Making a law which prohibits us from burning the flag does much more damage than the act itself. You lose so much more by taking away people's freedom.

LVprincess - ""yea okay we have freedom of expression and speech and all that crap"" 

If you think freedom of speech is crap, then maybe your the one who needs to move.",1,1,0,1,0,0,0,0,0,0,0,0,0,0,TRAIN,train,180,0.0014333539875224,0.9985666871070862,LABEL_1
907,2,Cmv: prostitution is between 2 consenting adults and should be legal.:,"Prostitution is between two consenting adults. Say the prostitute is in need of money - it is his/her choice how she earns the money and uses his/her body. To address people who claim prostitutes are ""at the mercy"" of their clients: this makes government regulation even more necessary. For people who associate prostitution with violence and crime (drugs), wouldn't it be much safer if it were legal, regulated and taxed? It would reduce the crime associated with prostitution (although much of the crime stigma is hollywood-created), increase tax revenue and provide safe regulations.",1,0,0,0,0,0,0,1,1,0,0,0,0,0,TRAIN,train,633,0.001405979739502,0.9985939860343932,LABEL_1
2022,2,If jimmy carter's daring attempt to rescue us hostages in iran had not failed   stance: the us and therefore the world would be a much better place:,"Operation Eagle Claw failed due to adverse weather conditions in the desert causing damage to most of the helicopters attempting rescue of the US hostages held at the US Embassy in Iran, not due to poor planning or inadequacies by the military or the administration. Naturally Carter would've easily won re-election and Ray Gun would not have been elected. Since 1980, 20 of the 32 years have been republican presidencies and since 1968, 28 of the 44 years have been with a republican president.",1,1,1,0,1,0,1,1,0,1,0,0,0,0,TRAIN,train,1406,0.2912455201148987,0.7087544798851013,LABEL_1
1230,2,Cmv: i believe that minimum wage constitutes no more or less than the bare minimum effort.:,"If an employer chooses to pay the minimum wage required by law, how can he expect more than what is required? Especially when the job actually requires some skill or intellect in the first place. **Employer** ""Can you give 110% when working?"" **Employee** ""Are you going to pay me 10% extra?"". **Employer** ""No."" **Employee** ""There's your answer then"". **This whole argument is based on those who are only in minimum wage employment for money, it doesn't count if it's an apprenticeship or internship etc**


**EDIT: There is no chance for promotion or raise in bar work, waiting or store retail, these are the minimum wage jobs I speak of.**",1,0,0,0,0,0,0,1,1,0,0,0,0,0,TRAIN,train,857,0.0021085657645016,0.9978914856910706,LABEL_1
1807,1,Do i have a case for small claims?:,"*shakes head in disbelief*  Why do people answer questions when they have absolutely no idea what they are talking about?

Don't bother consulting a lawyer on this one.  It would cost you too much.  This is exactly what small claims is designed for -- someone like you with a case small enough that lawyers should not be involved.

Sue.  On the complaint, spell out the facts of your case and then ask for alternative relief.  Meaning -- ask for the car to be put in your name.  Then put down that if the court denies you the car, that you are asking for all payments made on the car to be returned to you.  Assuming the facts as you have presented them are true, then the court will almost certainly grant you one fo these two remedies, possibly with interest.",1,0,0,0,1,0,1,1,0,1,0,0,0,0,TRAIN,train,1263,0.0020343465730547,0.997965693473816,LABEL_1
589,2,Cmv: the government should stop recognizing all marriages.:,"I really see no benefits in governmen recognition of marriages. 

First, the benefits: no more fights about what marriage is. If you want to get married by your church - you still can. If you want to marry your homosexual partner in a civil ceremony - you can. Government does not care. Instant equality.

Second, this would cut down on bureaucracy. No marriage - no messy divorces. Instant efficiency.

Now to address some anticipated counter points:

The inheritance/hospital visitation issues can be handled though contracts (government can even make it much easier to get/sign those forms.) If you could take time to sign up for the marriage licence, you can just as easily sign some contract papers.

As for the tax benefits: why should married people get tax deductions?  Sounds pretty unfair to me. If we, as a society want to encourage child rearing - we can do so directly by giving tax breaks to people who have and rare children, not indirectly through marriage.

CMV.",1,0,0,0,1,0,1,1,1,0,0,0,0,0,TRAIN,train,411,0.001609698170796,0.9983903169631958,LABEL_1
1703,2,Are the people of london just stupid?   stance: well of course they are!:,"I'm not entirely sure if the creator of this debate had a specific event in mind when they posted it but I'm willing to take part regardless.
I don't feel I can vote for the ""well of course"" option but, I can say that at least 5.3% is bloody stupid for voting for the BNP.
Speaking of stupid, there is a capital 'L' in London!",1,1,1,1,1,0,1,0,0,0,0,0,0,0,TRAIN,train,1191,0.0022971567232161,0.9977028965950012,LABEL_1
673,0,Is the school uniform a good or bad idea:,"yas,of course . School uniform is important
1.school uniform is a logos for our school
2.to remind us that we are part of the school
3.and if we use the uniform basically student used to think what are they gonna do to, is it positive or negative
4.in the morning we should use our uniform and if were not use our uniform the teacher give us a punishment and from that we can learn to be a discipline student
5.if we go out from the school than the teacher will see we used the school uniform so people will know that we from that school
thankyou",1,0,0,0,0,0,0,1,0,0,1,1,1,0,TRAIN,train,469,0.0219449717551469,0.9780550599098206,LABEL_1
2011,2,"Immigrayion   stance: the u.s. needs more strict, forceful immigration policies:","American politicians have turned a blind eye to illegal immigration for too long. Crime is rampant on the border states and illegals are taking our jobs. On top of that our tax money goes to pay for their childrens public education and ER visits. They don't pay into the system but steal from it. Their very status should say it all --illegal--
We need states to become more active in arresting illegals, more troops on the border, a fence, and a revision to citizenship ""those who are born here = automatic citizens.""",1,1,1,1,1,0,1,0,0,0,0,0,0,0,VALID,validation,1738,0.0014617923879995,0.9985382556915284,LABEL_1
503,0,Evolution vs creation:,There is not God. I just use him in my arguments to make sarcastic comments. Sorry.,1,0,0,0,1,1,1,1,0,1,0,0,0,0,TRAIN,train,352,0.0020549842156469,0.9979450106620787,LABEL_1
133,2,0% gun tolerance on the streets in the us   stance: anti guns:,"Unless every single gun that is issued legally is tested with ballistics before being issued so that any bullet fired from a licensed gun can be traced, if found intact, then guns pose a threat because there is no way for those bullets to be traced back to owners so they can account for the shots they fired. It's like giving someone a jaguar as long as they promise to never let it out of their site. It's bull sh*t.",1,1,1,0,0,0,0,1,0,1,0,0,0,0,TRAIN,train,96,0.0053907539695501,0.994609236717224,LABEL_1
248,1,This question is for pro life and pro choice abortion?:,"If the other 97% were banned, wouldn't those women start saying that they were raped, it was a case of incest, or that their health would not tolerate it?

And then women would use metal hangers again, quite unhealthy.

I do agree that cutting down on abortions in the US would be good.  Birth control should be administered to anyone having sex.",1,0,0,0,0,0,0,1,1,0,0,0,0,0,TRAIN,train,172,0.0013935421593487,0.998606503009796,LABEL_1
719,1,Is humanity in the final steps of becoming into slavery?:,"Thanks for bringing up this important issue.
Most of the things you mentioned have beneficial uses.  The danger if they are misused.  I think the Bush administration has demonstrated how our rights can be undermined.  They are talking of retaining the prisoners in Cuba for the rest of their lives, without charges or benefit of legal defense.
The only way to protect our rights is to participate in the process of government.  I hope anyone who reads this is ready to defend liberty with their vote on the 7th.",1,1,0,1,0,0,0,1,0,1,0,0,0,0,TRAIN,train,498,0.0032466517295688,0.9967532753944396,LABEL_1
1745,0,Is porn wrong:,"The argument that porn would expose one to the reality in life, and thus increasing one's maturity and prevent possible future sexual assaults, is totally crap.
porn is definitely wrong. after a dosage, the guilt of wasting ur time, wasting energy, wasting effort and not devoting urself to another thing and regretting that you should not have started would almost kill you. trust me.
its a road that shld not be taken, its as bad as smoking and dugs. i think the only reason its not banned in most developed countries is that they are facing an aging population.",1,0,0,0,1,0,1,1,0,1,0,0,0,0,TRAIN,train,1218,0.0016844549681991,0.9983155727386476,LABEL_1
2081,0,Gay marriage right or wrong:,"Is incestual marriage right or wrong? Does gay marriage include incestual homosexual marriage?
Which country legalized homosexual unions which lead to a lower marriage rate?",1,0,0,0,1,1,0,1,1,1,0,0,0,0,VALID,validation,1744,0.0027976646088063,0.9972023963928224,LABEL_1
123,2,"Cmv: the minute you intentionally put a person's life at risk, you forfeit your own  if you threaten in a deadly manner, you deserve to die.:","These days, we grant more rights to convict's than we ever have.  While I appreciate people make mistakes, I believe some actions should have permanent consequences, and that we have morally compromised ourselves in making exceptions to this.  I fundamentally contradict that every individual has a right to live- if you are willing to put someone else right to life in jeopardy, then you have demonstrated that you are a net negative impact to society, and that as a whole we would all be better off if you were dead.  

Edited for nuance- you guys have made some good examples of grey areas- I'm not disputing that.  This is more a question of the principle.  Let's go ahead and refine this further- in the moment of endangering another individuals life, with out extenuating circumstances such as mental illness or protecting others, then in that moment society has a prerogative to take your life. ",1,0,0,0,1,0,1,0,0,0,0,0,0,0,TRAIN,train,88,0.0028648558072745,0.9971351623535156,LABEL_1
364,0,Gay marriage right or wrong:,"For anyone who tries to follow these threads of arguments and rebuttals, it looks like chasbas' argument which I rebutted on Feb 07, 2007 07:09 has been deleted, presumably by chasbas. I wish the argument/rebuttal system on the site were better.",1,0,0,0,0,0,0,1,1,1,0,0,0,0,TRAIN,train,254,0.0275195371359586,0.9724804759025574,LABEL_1
276,2,Cmv: i don't believe climate change is happening.:,"To clarify, I don't believe the World's climate is static and unchanging, I just don't think it is nearly as dramatic as the media says. I dispute any major warming in recent times, and believe the whole climate change agenda is simply environmental lobbyists backed by politicians who can no longer refute the issue and still maintain their credibility. I used to be into the scientific side of it a lot, but I haven't for a while, although I will be corresponding with a mate of mine who is of the same opinion as me who is knowledgeable in the science. 

I have a fundamental distrust of most of the media in Australia (where I live), but I can't comment on the American media. I think it would be political suicide for any politician considering climate change 'denialists' are being hounded down by pretty much everyone. 

Skepticism and opposition to conventional scientific thinking is only a good thing, and I think the extent to which any skepticism of climate change is disregarded is appalling. ",1,0,0,0,1,0,1,0,0,0,0,0,0,0,TRAIN,train,189,0.0038240042049437,0.99617600440979,LABEL_1
1534,2,Cmv: the scottish independence movement are akin to women who scream for equal rights but only when it suits them:,"As far as I can see, they want independence but they want to stay in NATO and the UN, they also want to keep the pound as well as all of the infrastructure that we've (the UK) have built up such as the NHS, military, police, fire services etc.

My view at the moment is that if they vote for independence they should get complete independence.  A full and immediate cease of all funding from the UK government to Scotland and Scottish nationals, immigration controls, them not being allowed to use the pound, be expelled from the UN/NATO (and have to reapply to join if they wanted to), the immediate withdrawal of the NHS and other services such as British police/fire services and armed forces.

At the moment they seem to be like petulant kids that are biting the hand that feeds them.

Of course, if this is incorrect I would love to be corrected.  I'm not interested in being wilfully ignorant.",1,1,1,1,0,0,0,0,0,0,0,0,0,0,TRAIN,train,1072,0.0362627059221267,0.9637372493743896,LABEL_1
567,1,Should same sex parents be able to have kids?:,"In my opinion, no. How would that effect the child is the first concern. When the child is small wouldn't be the issue, but as he/she entered school it would most defiantly get ridiculed by the other kids and have emotional stress/problems from this. This would really confuse the kid! I don't care what anyone says, a child needs a MOTHER and a FATHER. Not two women, and not two men.",1,1,1,1,1,0,1,0,0,0,0,0,0,0,TRAIN,train,394,0.0024138821754604,0.9975861310958862,LABEL_1
193,0,Is porn wrong:,"I note that whenever someone starts in on the ""Porn is ebil 'n' degrading"" spiel, they focus exclusively on women.
As if there's no such thing as porn *actors*. (What, men don't count?)
Porn is a form of entertainment. No more. No less. Any arguement otherwise is just ""Feminist"" bullsh*t.",1,1,1,1,1,0,1,0,0,0,0,0,0,0,TRAIN,train,135,0.0016491046408191,0.9983508586883544,LABEL_1
965,0,Should physical education be mandatory in schools:,You are 100% right because I am in Pe and they make us wear these stupid outfits. I think they make us wear those so the Gay coaches can see our private parts. and PE is just Stupid,1,1,1,1,1,1,1,1,1,1,0,0,0,0,TEST,test,1951,0.001771600334905,0.9982283711433412,LABEL_1
1596,0,Is porn wrong:,I don't feel degraded by porn. You don't like it? Don't watch it. There are more importhant jobs in life than to be my personal morality police.,1,0,0,0,0,0,0,1,1,0,0,0,0,0,TRAIN,train,1116,0.001634546671994,0.9983654618263244,LABEL_1
660,0,Firefox vs internet explorer:,Chorme beats all its the fastest and the safest plus its also open source like firefox,1,0,0,0,0,0,0,1,0,1,0,0,0,0,TRAIN,train,458,0.0028683703858405,0.9971315860748292,LABEL_1
431,2,"Cmv: i believe that after a marriage is over, both parties should walk away without receiving anything, for example alimony, from their ex.:","After a marriage ends, if a pre-nup wasn't signed that is, one partner usually receive alimony from the other. I think this is wrong, and selfish of the people who receive them.

If someone gets a divorce from someone, they want nothing to do with that person again, and yet they are forced to continue to hand them their hard worked for money. It's stupid I think.

If a person knows that if they divorce someone, they will have to work out their lifestyle on their own, it would help them really consider their choice and options. 

Obviously if they had kids together the partner should send the person the kids are mostly with child support to help take care of the children, but money just to take care of the adult they didn't want to be with anymore? hell no. They can get a job.

CMV!

_____
",1,1,1,0,1,0,1,0,0,0,0,0,0,0,TRAIN,train,301,0.0019446210935711,0.9980554580688475,LABEL_1
2021,2,Dogs or cats   stance: cats:,"Cats, definitely. They are independent. You don't have to take them everywhere you go and have to watch them and make sure they eat and use the facilities because they can't on their own.
Cats are amazing animals and pets. They aren't always happy like dogs are, almost to the point where they are too stupid to know the difference.
""Cats make you work for their affection, they don't sell-out like dogs do"" Jack Burns from Meet the Parents!
With cats, there is no cleaning up the yard, having to walk a dog and cleaning up their sh$t, no loud-ass barks in the middle of the night, no slobbering all over the place, no puppies pissing all over the floor, etc.
Cats are adorable creatures.
Dogs are...well....:sigh; dogs!",1,1,1,0,1,0,1,0,0,0,0,0,0,0,TEST,test,2161,0.0030794646590948,0.9969205856323242,LABEL_1
707,1,How many of you support capital punishment and why?:,"Capital punishment is simply the best law enforcement out there. Ask any country that has employed it. You'll find that their crime rates are MUCH lower than the USA's. This only applies if the nation is comfortable with it of course. 
On the other hand, its immoral for a man to take another's life no matter what the situation since you are assuming a position of superiority when you do so and every man on the earth is equal. Despite its effectiveness, there are multiple other alternatives to it and capital punishment should not be a first choice.

Its simply a matter of perspective in the end.The typical christian perspective goes against capital punishment and thats due to this christian country. 
The simple truth is that its effective but at the same time, from a biased perspective, its barbaric, immoral, and there are better, though not as effective, solutions.",1,1,1,0,1,0,1,1,1,1,0,0,0,0,TEST,test,1899,0.0074524418450891,0.992547571659088,LABEL_1
491,0,Evolution vs creation:,"What I meant was that in the situation, both moths were present at the time of the observation - both colored moths were on the trees to begin with...
""Then the darkness was selected for when the environment changed during the Industrial Revolution.""
-Who selects this mutation to occur? Does it just happen by good fortune?",1,0,0,0,0,0,0,1,1,1,0,0,0,0,TRAIN,train,344,0.0019680939149111,0.9980319142341614,LABEL_1
1389,2,Kurt cobain's death   stance: murder:,"I feel that Kurt Cobain was murdered. Here are my reasons.
1. He had enough heroin in his system to kill an adult 3 times over.
2. The so called suicide note had evidence of being written by two different people. Kurt, himself, and another person.
3. Kurt Cobain's credit card was reported being used after his death.
4. There were no usable fingerprints on the weapon. I mean with all the heroin in his system he would not be coherent enough to put on gloves and then shoot himself.
Everyone is entitled to their opinions, but with this kind of evidence, I feel there is no question that he was murdered.",1,0,0,0,1,0,1,0,0,0,0,0,0,0,TRAIN,train,965,0.0025425038766115,0.9974575638771056,LABEL_1
2176,2,Type of music you dislike the most   stance: country or country & western:,Whatever most young people are listening to or MTV or Z100 plays. The trendy bullsh*t basically. Right now it is the insanely idiotic rap music with the constant references to money and cars and bullsh*t and fake gangsta crap. They are so corny they have those terrible songs that come wrapped together with some stupid ass dance like that little moron solja boy. Yeah that about sums it up.,1,1,1,1,1,0,1,0,0,0,0,0,0,0,TRAIN,train,1520,0.0018523626495152,0.9981476068496704,LABEL_1
209,0,Gay marriage right or wrong:,"If being homosexual was natural then
1. There would only be possibly 6 people on the earth...meaning none of the people making up these sarcastic remakes would be around....heck I wouldn't be around
2. If homosexuality was natural then the butthole would be in the front part of the body.
Its never been accepted as ""natural"" by society only till now. So i'm pretty sure thousands of years of recorded human history have a little more weight than some piss ant liberal venting on how its unfair.",1,1,1,1,1,1,1,1,0,1,1,0,0,0,TRAIN,train,145,0.0015566110378131,0.9984434247016908,LABEL_1
2061,0,Pro choice vs pro life:,"Pro-Life means the problem of overpopulation is being directly supplied, as well as many more crack-addicted/poverty ridden babies are born. Pro-Choice ftw",1,1,1,1,1,1,1,0,0,0,0,0,0,0,TRAIN,train,1437,0.0015369759639725,0.9984630346298218,LABEL_1
989,0,Gay marriage right or wrong:,HOMOSEXUALITY IS WRONG!!!! And I like this website but I don't find it very clear. This one is better : theworlddebating.com,1,1,1,0,1,1,1,1,1,1,1,0,0,0,TEST,test,1955,0.0014241425087675,0.9985758066177368,LABEL_1
737,1,Do you believe standing during the pledge of allegiance should be mandatory??:,"i agree with you. unless maybe the person can't for a medical reason, etc. but other than that, yes. SHOW RESPECT FOR OUR COUNTRY! our brave soldiers are willing to go fight for america and risk their lives and some people in here are to lazy to get of their ass to pledge allegiance to the flag. i think its wrong. i will proudly stand for my country and do everything i can to support it.",1,1,1,1,1,0,1,0,0,0,0,0,0,0,TRAIN,train,510,0.0018884830642491,0.9981114864349364,LABEL_1
2015,2,Is enough being done to prevent species becoming exstinct?   stance: yes:,"In fairness, belief in evolution implies a necessary belief in extinction--it's not the pretty part, but it's a part of the package.
And while humans have a moral responsibility to moderate their impact on the natural world, we're doing more right now than any species ever has before. Would it be ""enough"" if it offset our impact--which is hardly ""natural""--or are we supposed to save every last species, however unfit?",1,0,0,0,0,0,0,1,1,0,0,0,0,0,TRAIN,train,1401,0.001485829707235,0.9985141158103944,LABEL_1
761,2,"Oil, useless now, ban it   stance: oil is now wholly useless, and should be banned for killing the environment:","Oil has long outlived its use. There is enough plastic in existence that simply recycling what is unused could supply more plastic. All plastic is recyclable.
Battery technology has existed for nearly 10 years now that can give a car up to 400 miles on a single charge. That exceeds many gas-run vehicles on the road today.
All production use oil damages the environment, causes numerous diseases, and is the primary cause of global warming.
Oil spills kill hundreds of thousands of animals per year, as they continue to affect the area of the spill decades after it occurred.
Oil is the primary interest of the US in the middle-east. As such, it is the cause of numerous wars.",1,0,0,0,1,0,1,0,0,0,0,0,0,0,TRAIN,train,527,0.0062037934549152,0.9937962293624878,LABEL_1
657,0,Evolution vs creation:,Evolution is as likely as a tornado going through a junkyard and putting together a 747 Airplane.,1,1,0,1,1,1,1,1,1,0,0,0,0,0,VALID,validation,1597,0.0013199967797845,0.9986799359321594,LABEL_1
1190,1,"What do you think of this situation, i read it and i didn't agree with the outcome...?:","If that is the entire story then that outcome is completely bogus. There is NOTHING wrong with touching another person on the head, shoulder, leg, back, etc. There is only something wrong when a person touches a ""bad"" place, which CLEARLY was not happening and was not going to happen in the middle of the street. 

What should have happened? The parents should have gotten a lecture on teaching their daughter. The daughter should have gotten a lecture on not running into the street. And the man should have gotten a lecture on smartening up in our lawsuit and sex-crime crazed society. There was no need for any trials or arrests. 

And how is someone who was NOT CONVICTED (ie: innocent) of a crime forced to register as a sex offender? That simply doesn't make any sense at all.",1,0,0,0,1,0,1,1,1,0,0,0,0,0,TRAIN,train,831,0.0022306884638965,0.9977693557739258,LABEL_1
396,1,Yea so i'm really drunk right now and i have a question.?:,"This guy's actually got a point. I'm not so sure on the specifics of any yahoo involvement, but I do know for certain that the Chinese government is very oppressive to anyone who questions its motives or policies. Instances may have tailed off over recent years, but beatings and torture are still a regular part of protocol there. America simply chooses to ignore it because we're more concerned with preserving our good economic relations with China, even though a lot of the cheap labor we outsource there is indeed done by slaves. We really should wake up and start seeing the truth.",1,1,1,0,0,0,0,1,1,1,0,1,0,1,TRAIN,train,278,0.0016913700383156,0.9983086585998536,LABEL_1
815,0,Pro choice vs pro life:,"It really depends the situation; if a girl/woman gets raped, it's not fair that she has to keep the child. If a young teen has unprotected sex and ends up with a child, that's her fault for not being prepared.",1,1,1,1,0,0,0,0,0,0,0,0,0,0,TRAIN,train,567,0.3691483438014984,0.630851686000824,LABEL_1
2141,1,What actions need to be taken if you would like to try to take away the rights of your childs other parent?:,"Proof that the other parent is a FELON or is commiting FELONIES right now.. You had a child with this person and you are going to have to SHARE parenting time with this person, unless you can prove in some way that this person is an unfit parent or is in the process of commiting crimes of some kind.. 

Truthfully, this person DESERVES to have parenting time and influence in the course that this child's life is going..",1,0,0,0,1,0,1,0,0,0,0,0,0,0,TRAIN,train,1493,0.0015540443127974,0.9984459280967712,LABEL_1
925,2,Why people in christianity and muslims try too spread their religion are they insecure.   stance: yes:,"Each religion is in the process spreading their count they dont care if they believe from heart.
may be thats the reason why most terrorist are converts,
may thats the reason why most people those who are converts in christianity are poor people.and they aare shown the bait of money.
so wht it is spread of belief or the head count.
i think its the head count.",1,1,1,1,0,0,0,1,1,1,1,1,1,0,TRAIN,train,647,0.0020668061915785,0.9979331493377686,LABEL_1
1584,0,Is porn wrong:,"What do you see in porn?
-> sex
What is sex for?
-> baby making
why should you watch others make baby?
-> pleasure
what causes pleasure?
-> temptation
what do you do to control temptation?
-> then do it...
conclusion: Porn is in a situation where there is temptation to increase the population of the next generation... wow.",1,1,0,1,1,0,1,1,1,1,1,0,0,0,TRAIN,train,1107,0.0022608540020883,0.9977391958236694,LABEL_1
224,0,Pro choice vs pro life:,"for everyone who is talking about RAPE in this subject let me ask you one thing!!!! if you got in a huge fight with someone and ended up breaking your hand or arm... would you cut it off just because it would REMIND you of that expirience???
if your actualy SANE you would say no and if you say yes you need to see a Physiatrist!!!!",1,1,1,1,1,0,1,1,0,1,0,0,0,0,TRAIN,train,157,0.0018176776356995,0.9981822967529296,LABEL_1
1194,1,How can i pay child support if i am unable to work ?:,"Get a job.  Your ex has a child or children to support.  How do you expect them to do it and why should they carry your responsibility for it as well?  GET A JOB!

~  Spoken as the ex who is owed a lot of bucks and know how hard it is when a jerk doesn't pay what he owes.

Are you my ex?  If you are, they are looking for you.....

Best Wishes,

Sue",1,1,1,1,1,1,1,1,1,1,0,0,0,0,TRAIN,train,835,0.0013829639647156,0.9986170530319214,LABEL_1
1653,1,Do you think the bush administration should be able to spy on millions unfettered?:,"Web Master has a point. Not only is it unethical, it resembles the workings of Stalin during the Cold War. But this isnt too unusual. HE seems to make bad and at that HORRIBLE descisions in the oval office, starting with rigging the election. This is a catastrophe, and it doesnt suprise me that his idea of public safety is ruining, ending, and controlling the lives of his citizens, letting the REAL bad guys reign havoc, and be done in time to kill some more of his own people and innocent civilians elsewhere.",1,1,1,1,1,0,1,1,0,1,0,0,0,0,TRAIN,train,1155,0.0013275772798806,0.9986724853515624,LABEL_1
1241,2,Jack thompson   stance: do you think that jack thompson is right. that video games are the reason more and more young people:,"Violence is perpetuated and caused by society.
Advertising reminds us of all the things we do not have and makes us feel inferior for not having them.
The news makes us distrust each other. Our distrust of each other causes us to treat each other not as people but as things to interact with.
We have people screaming at salesmen- why? Because we don't see them as the same as us. What makes a telemarketer so evil but the high pressure of modern living forcing them to not let you off the phone.
We kill because we feel upset with our own lives, we are frustrated because we are sent images of friends that we'll never have, products we can't afford, and movies full of lives we'll never live.
It's not video games, it's televison programming and society that cause this. There are fewer suicides in small farming communities than in large cities, and less murders, because people are more close knit and friendly to each other.",1,0,0,0,1,0,1,0,0,0,0,0,0,0,TEST,test,2007,0.0020567164756357,0.9979432225227356,LABEL_1
412,1,If most of the time a womans reason for getting an abortion have nothing to do with rape and incest?:,"Because in order to deflect from the fact that most women are killing their babies because they're 'inconvenient', they have to do a lot of scaremongering.

So you have the 'rape' and 'incest' scare factors, and throw in the 'back-alley coathanger dying by the 1,000's' myth, and you've eliminated the picture of a tiny baby being chopped up and vaccuumed out, or being burned in a brine solution, or having its head pierced and its brains sucked out.

I guess the feminists are still following Margaret Sanger's eugenicist desire to have fewer minority babies.",1,1,1,1,1,0,1,0,0,0,0,0,0,0,TRAIN,train,291,0.002026141854003,0.99797385931015,LABEL_1
573,1,Should newspapers that work against our war effort be tolerated?:,"Answer is NO! However, I think the bigger problem is finding out who leaks this information, there are a lot of Clinton era hold-overs.

Newspapers are in the business of bashing Bush, so they will do whatever it takes to hinder the war effort, and then hide behind freedom of the press. It is getting people killed, and prolonging the war by telling our enemy everything they need to know.",1,0,0,0,1,0,1,1,0,1,0,0,0,0,TEST,test,1873,0.001390645164065,0.9986093044281006,LABEL_1
2020,2,Muslim integration in britian. bad or good?   stance: bad:,"The muslim integration within Britian is currently a problem. Both sides of the arguement (christians and muslims) are using the debate as a way to integrate more religious power within the country. This is why the archbishop of Canterbury decided to support the integration. Once islam is allowed to run a parallel law system within Britian there would be nothing keeping christianity from running a parallel law system. Its the classic situation that many parents face; you can't give to one child and not expect the other to want the same thing. Eventually there would be a whole spectrum of different law systems in Britian, which is both illegal and totally unneccesary. If a muslim wishes to be tried under Sharia law they can move to a country that has it as their primary law system.",1,1,1,1,1,0,1,1,0,1,0,0,0,0,TRAIN,train,1405,0.0021003293804824,0.9978996515274048,LABEL_1
1609,0,Gay marriage right or wrong:,"The real issue is - why is the government involved in this issue at all? We take a personal, religious institution and regulate it, then the government comes back and wants to redefine it.
It should not be a political issue, because my personal, religious things should be separate from government regulation.
Marriage and the government should not mix. That solves the ""problem"".",1,0,0,0,1,0,1,1,1,1,0,0,0,0,TEST,test,2075,0.0014516541268676,0.9985483288764954,LABEL_1
814,0,Pro choice vs pro life:,"Giving up a child has to be one of the most responsible decisions a woman can make in her life. Have you any idea the responsibility and maturity it takes to make such an important decision?
If a woman can not support a child(Either emotionally, physically, or financially) she should have right to choose to give up that child.",1,0,0,0,0,0,0,1,1,1,0,0,0,0,TRAIN,train,566,0.001679545152001,0.9983204007148744,LABEL_1
883,1,"Patriot act was passed unread, is anyone in congress of usa worth his or her salary ?:","We've got a bunch of Good Ole' Boys up there scratching each others' backs, making a living off of us and turning it into a career. Need to enact term limits of no longer than two terms in both House and Senate. 

Get those 80-yr old geysers outa there. They've already earned their lifetime pension and benefits.

Good people go to D.C. with good intentions, but they can't do anything by themselves. So in order to get their Bills passed, they have to help pass someone else's Bill that is established there and knows how the system works; the Good Ole' Boy System, that is. 

The Good Ole' Boys are just biding their time, keeping their system going and blocking everything else. They work for themselves. 

All incumbents -- OUT!",1,1,0,1,1,0,1,1,1,1,0,0,0,0,TEST,test,1933,0.0015922056045383,0.998407781124115,LABEL_1
81,1,My brother is  @ a tx state prison he's broken his two front dentures and they do not want to fix them!?:,"No.  That is the beauty of the USA, you have no health care.  Why would it change if you had to go to jail while the rest of the public pays their hard earned money into taxes.  You brother is in a jail for a reason, maybe if he had contributed to society instead of commiting crimes he would not be in this situation.  Jail has no company benifits.",1,1,0,1,1,0,1,0,0,0,0,0,0,0,TEST,test,1771,0.0021889104973524,0.9978111386299132,LABEL_1
894,1,What do you think is fair punishment for child molesters? what would you do if it was your own child?:,"They should be tortured.....when they castrate them they should do it without giving them pain medication. I don't think it's fair when people get the death penalty all that they ""suffer"" is a little injection by a lethal shot! When they die they have no worries and then we get to pay for it with our tax dollars!! The person/family they commited the crime against usually is tortured and suffereing for the rest of their lives! It should be ""eye for eye tooth for tooth""",1,1,1,1,1,0,1,0,0,0,0,0,0,0,TRAIN,train,623,0.0017321982886642,0.9982677698135376,LABEL_1
1406,3,"Business review: 1.0 stars
business name: ruby's diner. city: las vegas. categories: diners, restaurants, burgers, american (traditional):","THIS PLACE NOT ONLY HAS NASTY ASS BURGERS BUT THE SERVICE IS HORRIBLE!  

After i orderded people were waiting for over 40 minutes and there plane was boarding so they started yelling into the kitchen ""JUST GIVE ME WHAT U GOT!"" PUAHAHHAA  thats when i relized i should of went elsewhere...

I ordered the ruby burger i realized i may have missed ordered cause i realized there was no cheese with this burger, but come on plz put some mayo on my burger and dont over cook  my paddy!  I felt like i was eating a card board burger! SOOO nasty i only ate most of it cause i paid for it and i was hungry.  Fries were fries nothing special....

Wanted to go to burger king originally but the gate was closed to go there!

NEVER GOIN HERE AGAIN!",1,1,1,1,0,0,0,1,0,1,0,0,0,0,VALID,validation,1670,0.0040881880559027,0.9959118366241456,LABEL_1
1477,0,Should physical education be mandatory in schools:,"I'm in school and P.E. just make kids unhappy,a lot of people get sad because they are chosen last,they can't play for example I suck at P.E. class I hate I'm always the last to be chosen for the teams and it's not cool and it's not just obese kids there are many obese adults who did P.E. and didn't helped in anything",1,0,0,0,0,0,0,1,0,1,0,0,0,0,TRAIN,train,1032,0.0024748635478317,0.997525155544281,LABEL_1
2153,2,"Cmv: the biggest problem with religion isn't the amount of violence waged in its name, but the amount of advancement in science and society that is stifled because of what some believe.:","Hope that didn't come out as too crazy sounding or confusing. But basically I was talking with my parents who are both vehemently religious and I made a realization that while religion does contribute to wars, the biggest problem that religion is that it prevents the spread of advancement in science, specifically in the fields of medicine, climate, and biology (with issues in climate change and evolution), and society, specifically with same-sex marriage, abortion, contraception, marijuana, et cetera.   ",1,0,0,0,1,0,1,0,0,0,0,0,0,0,TEST,test,2186,0.0776246786117553,0.9223753213882446,LABEL_1
74,0,Gay marriage right or wrong:,"If you do not like gay marriage and thing it is wrong then do not watch a gay couple make out.
Who are you to tell people that their veiws are incorrect and that they must change there feelings and that apparently they are wrong. Meanwhile, everyone is entitled to their opinions, but keep them to yourself. Do not try to change others based on your beliefs. It is selfish and takes away self rights.",1,1,0,1,1,0,1,1,1,0,0,0,0,0,TRAIN,train,53,0.0016447139205411,0.9983552098274232,LABEL_1
24,0,Evolution vs creation:,"Believing ""Evolution"" as in Darwinism and the like, is like believing the puzzle can be solved by pouring the pieces out because two pieces kind of stuck together.",1,0,0,0,0,0,0,1,1,0,1,0,0,0,TRAIN,train,17,0.0015988635132089,0.9984011054039,LABEL_1
1056,2,Cmv: feminism as it exists in the modern era is useless and annoying:,"Today I opened the door for a girl and got screamed at, at 8 in the morning. 

Certainly changes need to be made but not in the way it's being approached now. I don't think I've heard one coherent argument. 

Again, I completely support equality but the beating down of every make you come across surely isn't the best way to accomplish things. It's not like I don't support the movement, I just don't fully understand it (in terms of how the goal is being achieved). And every person I've come across supporting it has been mean spirited and a bit of an asshole

I guess what I'm really looking for is proof of what progress is being made recently, or how the aggressiveness pays off. Thanks in advance for any light that can be shed",1,0,0,0,1,0,1,0,0,0,0,0,0,0,TRAIN,train,733,0.0014796671457588,0.9985203146934508,LABEL_1
451,2,Torture: can the u.s. justify it?   stance: no:,"The points against torture are numerous, but the most important one is IT DOESN'T WORK. All of these ""ticking time bomb"" scenarios are fantasy right out of ""24"". That just does not happen in the real world. Another point against it: aren't we supposed to be the good guys? How in the world do we expect to keep our supposed moral superiority when we debase ourselves by stooping to the level of our enemies? If someone wants to argue we need to get down to our enemies level to really be effective in the war on terror, shouldn't we have rounded up all the German-Americans in WWII and burned them in ovens? Shouldn't we have gotten down to the German level to be really effective? I don't think the U.S. can seriously dictate to other countries when it doesn't follow the dictates of its own Constitution.",1,1,1,0,1,0,1,1,1,1,0,0,0,0,TRAIN,train,314,0.0015938411233946,0.9984062314033508,LABEL_1
720,1,Should news outlets first get government approval before reporting stories?:,"If 1/2 the schools in the US thinks yes, then teachers are not doing well in the history aspect of education. Now, these kids need to know their rights, and the rights of others. I thought schools get taught the Constitution and bill of rights. At least I would expect thee civil war to be mentioned before 6th grade, the rest would follow. Freedom of speech, FREEDOM OF PRESS, freedom of religion, and so on. With this knowledge one can understand why America is America and not new great Brittan or some British ruled country paying taxes on land we are not living and harvesting from. ( ha, nowadays, this country is doing all kinds of illegal activities. No wonder why 1/2 the youth is lost and confused)",1,1,1,1,1,0,1,1,0,1,0,0,0,0,VALID,validation,1603,0.0022315494716167,0.9977685213088988,LABEL_1
1825,1,"If  the  ""amnesty"" bill gets passed, and illegal immigrants are only required to pay 3yrs of back taxes.....:","What they are talking about doing is not right. There are current laws on our books that would allow our govt to fine that illegal alien $250,000, plus incarceration, then deportation. Also, there are laws on our books that prohibit employers from hiring undocumented workers. They all need to follow the current laws.  

You are right. If you or I were to disobey the laws like these people are (employers as well as illegal aliens), we would be locked up for years.  It's just not right.",1,1,1,0,1,0,1,0,0,0,0,0,0,0,TRAIN,train,1279,0.0033988859504461,0.996601104736328,LABEL_1
975,0,Is porn wrong:,"The question is: who has the right to prohibit it? Government? Why would there be any pressing need at all for the state to outlaw pornography? Look at Europe- they're cool with pretty much everything. I don't see any moral depravity in Europe, do you?",1,0,0,0,0,0,0,1,1,1,0,0,0,0,TRAIN,train,684,0.0012821545824408,0.9987179040908812,LABEL_1
265,1,"What do you beleive the first amandment protects example: gay marriages, obortions etc...?:","The first amendment, among other things, protects the individual's freedom to associate with whomever he chooses.  As far as I'm concerned, if two fellas want to free associate, they can do it as much as they like.  But the day you tell me that marrying another man is mandatory, that's the day when I leave the US.  Nobody's gonna force me to get gay married.",1,0,0,0,1,1,0,1,0,1,1,0,0,0,TRAIN,train,182,0.0026893895119428,0.9973106384277344,LABEL_1
532,0,Christianity or atheism:,This is the most idiotic debate i have ever seen. HOW you tell me please hoe did we get so perfect were the earth and sun and moon is in the right spot and are bodys function perfectly are hands made distinctively. Cause we were made after his own image.,1,1,1,1,1,0,1,1,1,0,0,0,0,0,TRAIN,train,368,0.0021559095475822,0.997844099998474,LABEL_1
